{
  "accuracy": 0.9480478786739363,
  "precision": 0.9474585950885208,
  "recall": 0.5144186046511627,
  "f1_score": 0.6668006430868167,
  "auc_roc": 0.957659308688931,
  "confusion_matrix": [
    [
      28597,
      92
    ],
    [
      1566,
      1659
    ]
  ],
  "test_size": 31914
}